create table account (id bigint not null auto_increment, code varchar(255), createdDate datetime, lastUpdatedDate datetime, name varchar(255), version bigint, accountNonExpired bit not null, accountNonLocked bit not null, accountStatus integer, accountType integer, birthday datetime, contactNumber varchar(255), credentialsNonExpired bit not null, email varchar(255), password varchar(255) not null, title varchar(255), userName varchar(255) not null, createdBy_id bigint, lastUpdatedBy_id bigint, approver_id bigint, primary key (id));;
create table accountActivity (discriminator varchar(31) not null, id bigint not null auto_increment, operationTimeRecord datetime, authenticationType integer, operationAccount_id bigint, primary key (id));
create table accountPermission (userName varchar(255) not null, permissionCode varchar(255) not null, primary key (userName, permissionCode));
create table accountProfile (id bigint not null auto_increment, code varchar(255), createdDate datetime, lastUpdatedDate datetime, name varchar(255), version bigint, dateFormat varchar(255), dateTimeFormat varchar(255), locale varchar(255), createdBy_id bigint, lastUpdatedBy_id bigint, parent_id bigint, primary key (id));
create table accountRole (userName varchar(255) not null, roleCode varchar(255) not null, primary key (userName, roleCode));
create table medt_bed (id bigint not null auto_increment, code varchar(255), createdDate datetime, lastUpdatedDate datetime, name varchar(255), version bigint, status integer, createdBy_id bigint, lastUpdatedBy_id bigint, ward_id bigint, primary key (id));
create table medt_department (id bigint not null auto_increment, code varchar(255), createdDate datetime, lastUpdatedDate datetime, name varchar(255), version bigint, createdBy_id bigint, lastUpdatedBy_id bigint, primary key (id));
create table medt_diaperRecord (id bigint not null auto_increment, code varchar(255), createdDate datetime, lastUpdatedDate datetime, name varchar(255), version bigint, recordedDate datetime, absoluteHumidity float, counter integer, humidity float, humidityTolerance float, temperature float, temperatureTolerance float, createdBy_id bigint, lastUpdatedBy_id bigint, patient_id bigint, primary key (id));
create table medt_diaperSensor (id bigint not null auto_increment, code varchar(255), createdDate datetime, lastUpdatedDate datetime, name varchar(255), version bigint, createdBy_id bigint, lastUpdatedBy_id bigint, primary key (id));
create table medt_disease (id bigint not null auto_increment, code varchar(255), createdDate datetime, lastUpdatedDate datetime, name varchar(255), version bigint, createdBy_id bigint, lastUpdatedBy_id bigint, primary key (id));
create table medt_doctor (address varchar(255), maritalStatus varchar(255), nationality varchar(255), occupation varchar(255), picturePath varchar(255), race varchar(255), sex integer, workAddress varchar(255), allocation varchar(255), department varchar(255), designation varchar(255), id bigint not null, primary key (id));
create table medt_gateway (macAddress varchar(255), id bigint not null, primary key (id));
create table medt_heart (id bigint not null auto_increment, code varchar(255), createdDate datetime, lastUpdatedDate datetime, name varchar(255), version bigint, recordedDate datetime, ecg varchar(10000), value varchar(255), createdBy_id bigint, lastUpdatedBy_id bigint, patient_id bigint, primary key (id));
create table medt_hospital (id bigint not null auto_increment, code varchar(255), createdDate datetime, lastUpdatedDate datetime, name varchar(255), version bigint, createdBy_id bigint, lastUpdatedBy_id bigint, primary key (id));
create table medt_log (id bigint not null auto_increment, code varchar(255), createdDate datetime, lastUpdatedDate datetime, name varchar(255), version bigint, recordedDate datetime, content varchar(255), reference varchar(255), type integer, createdBy_id bigint, lastUpdatedBy_id bigint, primary key (id));
create table medt_logType (id bigint not null auto_increment, code varchar(255), createdDate datetime, lastUpdatedDate datetime, name varchar(255), version bigint, createdBy_id bigint, lastUpdatedBy_id bigint, primary key (id));
create table medt_nurse (address varchar(255), maritalStatus varchar(255), nationality varchar(255), occupation varchar(255), picturePath varchar(255), race varchar(255), sex integer, workAddress varchar(255), lookAfter varchar(255), received integer, role varchar(255), wristbandId varchar(255), id bigint not null, primary key (id));
create table medt_nurseWard (id bigint not null auto_increment, code varchar(255), createdDate datetime, lastUpdatedDate datetime, name varchar(255), version bigint, createdBy_id bigint, lastUpdatedBy_id bigint, nurse_id bigint, ward_id bigint, primary key (id));
create table medt_parent (address varchar(255), maritalStatus varchar(255), nationality varchar(255), occupation varchar(255), picturePath varchar(255), race varchar(255), sex integer, workAddress varchar(255), id bigint not null, primary key (id));
create table medt_parentBaby (id bigint not null auto_increment, code varchar(255), createdDate datetime, lastUpdatedDate datetime, name varchar(255), version bigint, createdBy_id bigint, lastUpdatedBy_id bigint, baby_id bigint, parent_id bigint, primary key (id));
create table medt_pasTrigger (id bigint not null auto_increment, code varchar(255), createdDate datetime, lastUpdatedDate datetime, name varchar(255), version bigint, recordedDate datetime, status varchar(255), createdBy_id bigint, lastUpdatedBy_id bigint, patient_id bigint, primary key (id));
create table medt_patient (address varchar(255), maritalStatus varchar(255), nationality varchar(255), occupation varchar(255), picturePath varchar(255), race varchar(255), sex integer, workAddress varchar(255), aiballId varchar(255), bed varchar(255), cognitiveAssessment varchar(255), country varchar(255), department varchar(255), disease varchar(255), functionalAssessment varchar(255), heartdoId varchar(255), height integer, ic varchar(255), pasId varchar(255), patientType integer, record varchar(255), status varchar(255), ward varchar(255), weight integer, id bigint not null, diaperSensor_code varchar(255), primary key (id));
create table medt_reminder (id bigint not null auto_increment, code varchar(255), createdDate datetime, lastUpdatedDate datetime, name varchar(255), version bigint, content varchar(255), nurseUserName varchar(255), status integer, createdBy_id bigint, lastUpdatedBy_id bigint, primary key (id));
create table medt_ward (id bigint not null auto_increment, code varchar(255), createdDate datetime, lastUpdatedDate datetime, name varchar(255), version bigint, status integer, createdBy_id bigint, lastUpdatedBy_id bigint, gateway_id bigint, primary key (id));
create table message (id bigint not null auto_increment, basename varchar(255), country varchar(255), language varchar(255), message varchar(255), messageKey varchar(255), variant varchar(255), primary key (id));
create table permission (id bigint not null auto_increment, code varchar(255), createdDate datetime, lastUpdatedDate datetime, name varchar(255), version bigint, createdBy_id bigint, lastUpdatedBy_id bigint, primary key (id));
create table resource (id bigint not null auto_increment, category varchar(255), messageKey varchar(255), resourceGroup varchar(255), resourceKey varchar(255), value varchar(255), primary key (id));
create table role (id bigint not null auto_increment, code varchar(255), createdDate datetime, lastUpdatedDate datetime, name varchar(255), version bigint, createdBy_id bigint, lastUpdatedBy_id bigint, primary key (id));
create table rolePermission (roleCode varchar(255) not null, permissionCode varchar(255) not null, primary key (roleCode, permissionCode));
alter table account add constraint UK_g1qbg12c961rxc4xtxobfat84 unique (userName);
alter table account add constraint UK_k9qlqijt38kmryafdhhq04lon unique (code);
alter table account add constraint UK_q0uja26qgu1atulenwup9rxyr unique (email);
alter table accountProfile add constraint UK_22mol2amuhdew6ipp8mv4ex3i unique (code);
alter table medt_bed add constraint UK_pudojhf2eoqg4rk0ww267af34 unique (code);
alter table medt_department add constraint UK_r73f3y805kmvlvo7xxnefkqpf unique (code);
alter table medt_diaperRecord add constraint UK_e1dv1ltbqys00lr9p67vsdwjh unique (code);
alter table medt_diaperSensor add constraint UK_ojt9hwldeqrgileioygbd272u unique (code);
alter table medt_disease add constraint UK_3buamn5sm0s5ahgy5r12sabs8 unique (code);
alter table medt_heart add constraint UK_qce8xss6t7s4y69ypdwyg4rbt unique (code);
alter table medt_hospital add constraint UK_bgan9miwdcnx1u9tyvwjmf9hb unique (code);
alter table medt_log add constraint UK_5c41wqhtaymenyt112u4m96b1 unique (code);
alter table medt_logType add constraint UK_i78ko4so65i85l3wanktqnekm unique (code);
alter table medt_nurseWard add constraint UK_772uipel3084ghh2w6uxkfv5t unique (code);
alter table medt_parentBaby add constraint UK_tjubjqkmjw063n05e6twdthdm unique (code);
alter table medt_pasTrigger add constraint UK_cgwtssmwn5wljdr74p403apo0 unique (code);
alter table medt_reminder add constraint UK_ea7uiq0yhugy4hrv61hrfjjgu unique (code);
alter table medt_ward add constraint UK_449b4v8cqkfsk02db1w5cuxb4 unique (code);
alter table message add constraint UKoxpq1hiqswaoxfxjnvvip10yp unique (messageKey, language, country);
alter table permission add constraint UK_a7ujv987la0i7a0o91ueevchc unique (code);
alter table resource add constraint UK_tkbnx3c9b0miuemjjbceuvm57 unique (resourceKey);
alter table role add constraint UK_c36say97xydpmgigg38qv5l2p unique (code);
alter table account add constraint FKbduwhcaqk7dsmqb3lsgup073x foreign key (createdBy_id) references account (id);
alter table account add constraint FK5jwl78hlxdbpuar9ly73ry0s6 foreign key (lastUpdatedBy_id) references account (id);
alter table account add constraint FKelfmcfrn3evdd7jysvecn5200 foreign key (approver_id) references account (id);
alter table accountActivity add constraint FKohsl8obeslpftxg764baossu7 foreign key (operationAccount_id) references account (id);
alter table accountProfile add constraint FKrjh2442sqmj8ewonf6f3xklju foreign key (createdBy_id) references account (id);
alter table accountProfile add constraint FKxjg0mv4louarcdbbsw0n41kd foreign key (lastUpdatedBy_id) references account (id);
alter table accountProfile add constraint FKt8fl1c71kvd06nryasl629ktu foreign key (parent_id) references account (id);
alter table medt_bed add constraint FKbl4jcph4ayjtsrbxlebbkt78u foreign key (createdBy_id) references account (id);
alter table medt_bed add constraint FK732y72u9kuul97ehpxr9hj4q6 foreign key (lastUpdatedBy_id) references account (id);
alter table medt_bed add constraint FK44ifn68uog9kap4mj3fpars7v foreign key (ward_id) references medt_ward (id);
alter table medt_department add constraint FKjd3yqc8a6dx6y6unet4hx9kmn foreign key (createdBy_id) references account (id);
alter table medt_department add constraint FKrtiqsl8p923hbyvec2lthnv9s foreign key (lastUpdatedBy_id) references account (id);
alter table medt_diaperRecord add constraint FK1xx3jwdhbjneg5my48qywe4ln foreign key (createdBy_id) references account (id);
alter table medt_diaperRecord add constraint FKkk06pm2dbf0ojutw36br304yg foreign key (lastUpdatedBy_id) references account (id);
alter table medt_diaperRecord add constraint FKmbytu7vrql7towuun8k79upj2 foreign key (patient_id) references medt_patient (id);
alter table medt_diaperSensor add constraint FKlwx18ga1ppo1a6vv3x2473uyp foreign key (createdBy_id) references account (id);
alter table medt_diaperSensor add constraint FKko0qy2m70v4wvfp5dlvxsqvcl foreign key (lastUpdatedBy_id) references account (id);
alter table medt_disease add constraint FKawce6siur26hbjhj67p5e0ulv foreign key (createdBy_id) references account (id);
alter table medt_disease add constraint FKr85jxkpcheb5qkws3bgxrwky foreign key (lastUpdatedBy_id) references account (id);
alter table medt_doctor add constraint FK18ywgs67ve370ku35aae88nje foreign key (id) references account (id);
alter table medt_gateway add constraint FKpheymrw7gtpktkf905u2dl4xy foreign key (id) references account (id);
alter table medt_heart add constraint FKik3rt5qbnlc5c6y34q7q5ur0u foreign key (createdBy_id) references account (id);
alter table medt_heart add constraint FK6kyumxg7ram45w08y5k21fmcc foreign key (lastUpdatedBy_id) references account (id);
alter table medt_heart add constraint FK3c1u7vyhdvdm91qpronk539c foreign key (patient_id) references medt_patient (id);
alter table medt_hospital add constraint FKmy69owoxoqlv9stmmsi8nhds6 foreign key (createdBy_id) references account (id);
alter table medt_hospital add constraint FKrvr6jo098k7n0f5iwvma6eky4 foreign key (lastUpdatedBy_id) references account (id);
alter table medt_log add constraint FKcgb4xvrdjaxjl2l70f28cmm96 foreign key (createdBy_id) references account (id);
alter table medt_log add constraint FK1q9w4w71rdeprlnyl79v518o1 foreign key (lastUpdatedBy_id) references account (id);
alter table medt_logType add constraint FK5lnc03kaplp395sfsu332149j foreign key (createdBy_id) references account (id);
alter table medt_logType add constraint FK7eu503wvmagwj3pd5vur519lh foreign key (lastUpdatedBy_id) references account (id);
alter table medt_nurse add constraint FK3xd2g9jihhsa8t6pxk1byiju0 foreign key (id) references account (id);
alter table medt_nurseWard add constraint FKgkgbqxakbl6taddv761y7awbn foreign key (createdBy_id) references account (id);
alter table medt_nurseWard add constraint FK625yhbs93ohtmjigwumrsqb48 foreign key (lastUpdatedBy_id) references account (id);
alter table medt_nurseWard add constraint FK1ji3byffguip3qvo622wo58pj foreign key (nurse_id) references medt_nurse (id);
alter table medt_nurseWard add constraint FK1sfci0gi1o9pjdb708yvig92v foreign key (ward_id) references medt_ward (id);
alter table medt_parent add constraint FK8fnoe9sryudj67i5yp8yj43gw foreign key (id) references account (id);
alter table medt_parentBaby add constraint FKoruct0s9hee8ukab3g7keydjd foreign key (createdBy_id) references account (id);
alter table medt_parentBaby add constraint FKcuevsgtw74mtg3k6g9ns93ltu foreign key (lastUpdatedBy_id) references account (id);
alter table medt_parentBaby add constraint FKop03ptysdonj1dwqw9ay34319 foreign key (baby_id) references medt_patient (id);
alter table medt_parentBaby add constraint FKcash420vkkv2nk7suanmu9rtr foreign key (parent_id) references medt_parent (id);
alter table medt_pasTrigger add constraint FKidccdf41lnl7aow8ok7sksnaq foreign key (createdBy_id) references account (id);
alter table medt_pasTrigger add constraint FK9aadsjoc43b0b1nf6ek68v1cf foreign key (lastUpdatedBy_id) references account (id);
alter table medt_pasTrigger add constraint FKn10qj0ch85idvyw1l8iu65q7 foreign key (patient_id) references medt_patient (id);
alter table medt_patient add constraint FK3hq041snd2mhj1vxwit9n9ws2 foreign key (diaperSensor_code) references medt_diaperSensor (code);
alter table medt_patient add constraint FKimlwj55fbf6qs0rqatp9qhwnu foreign key (id) references account (id);
alter table medt_reminder add constraint FKrbepg5gxjla4cg3c0faouteqk foreign key (createdBy_id) references account (id);
alter table medt_reminder add constraint FKjb8b012sodos3dacikw256p73 foreign key (lastUpdatedBy_id) references account (id);
alter table medt_ward add constraint FKo0a8kx2y7072h6f3ck537aqen foreign key (createdBy_id) references account (id);
alter table medt_ward add constraint FKrclulqftk561272gkxlv8o3di foreign key (lastUpdatedBy_id) references account (id);
alter table medt_ward add constraint FKl7juycp73uelkidoyy1jrw5dj foreign key (gateway_id) references medt_gateway (id);
alter table permission add constraint FKt78va6b8et01e93noe1txfbaj foreign key (createdBy_id) references account (id);
alter table permission add constraint FKjpik92mgn7i9lt7guqmat2wq5 foreign key (lastUpdatedBy_id) references account (id);
alter table role add constraint FKmok21gm6m5jyp5kqcenhl3dqi foreign key (createdBy_id) references account (id);
alter table role add constraint FKsew11tht69uvgfkw450hxp45a foreign key (lastUpdatedBy_id) references account (id);

INSERT INTO role(code) VALUES('administrator');;
INSERT INTO role(code) VALUES('nurse');;
INSERT INTO role(code) VALUES('doctor');;
INSERT INTO role(code) VALUES('patient');;
INSERT INTO permission(code) VALUES('account_search');;
INSERT INTO permission(code) VALUES('account_register');;
INSERT INTO permission(code) VALUES('account_delete');;
INSERT INTO permission(code) VALUES('account_modify');;
;
INSERT INTO rolePermission(roleCode,permissionCode) VALUES('administrator','dashboard');;
INSERT INTO accountPermission(userName,permissionCode) VALUES('admin','dashboard');;
;
INSERT INTO account(id,userName,title,password,accountNonExpired,accountNonLocked,credentialsNonExpired,accountStatus,createddate,lastupdateddate,accountType,version) VALUES(1,'admin','Administrator','$2a$08$J8NKSZF0g08tCUZfS01DcOBhVRyJvsPuSQGIDhF.Ct3/CDUNAhd/a',true,true,true,0,'2016-01-01 00:00:00','2016-01-01 00:00:00',0,0);;
INSERT INTO accountRole(userName,roleCode) VALUES('admin','administrator');;
INSERT INTO account(id,userName,title,password,accountNonExpired,accountNonLocked,credentialsNonExpired,accountStatus,createddate,lastupdateddate,accountType,version) VALUES(11,'administrator','Administrator','$2a$08$J8NKSZF0g08tCUZfS01DcOBhVRyJvsPuSQGIDhF.Ct3/CDUNAhd/a',true,true,true,0,'2016-01-01 00:00:00','2016-01-01 00:00:00',0,0);;
INSERT INTO accountRole(userName,roleCode) VALUES('administrator','administrator');;
;
INSERT INTO account(id,userName,email,name,title,password,accountNonExpired,accountNonLocked,credentialsNonExpired,accountStatus,createddate,lastupdateddate,accountType,version) VALUES(2,'rui','rui@trek2000.com.sg','rui heng','nurse','$2a$08$J8NKSZF0g08tCUZfS01DcOBhVRyJvsPuSQGIDhF.Ct3/CDUNAhd/a',true,true,true,0,'2016-01-01 00:00:00','2016-01-01 00:00:00',2,0);;
INSERT INTO medt_nurse(id,received,role,wristbandId,lookafter) VALUES(2,null,'1','6a4a33ee','1,2,3,');;
INSERT INTO accountRole(userName,roleCode) VALUES('rui','nurse');;
INSERT INTO account(id,userName,email,name,title,password,accountNonExpired,accountNonLocked,credentialsNonExpired,accountStatus,createddate,lastupdateddate,accountType,version) VALUES(3,'tester2','tester2@trek2000.com.sg','Nurse 1','nurse','$2a$08$J8NKSZF0g08tCUZfS01DcOBhVRyJvsPuSQGIDhF.Ct3/CDUNAhd/a',true,true,true,0,'2016-01-01 00:00:00','2016-01-01 00:00:00',2,0);;
INSERT INTO medt_nurse(id,received,role,wristbandId,lookafter) VALUES('3',null,'1','122fda78','1,2');;
INSERT INTO accountRole(userName,roleCode) VALUES('tester2','nurse');;
INSERT INTO account(id,userName,email,name,title,password,accountNonExpired,accountNonLocked,credentialsNonExpired,accountStatus,createddate,lastupdateddate,accountType,version) VALUES(4,'tester3','tester3@trek2000.com.sg','Yuhan','nurse','$2a$08$J8NKSZF0g08tCUZfS01DcOBhVRyJvsPuSQGIDhF.Ct3/CDUNAhd/a',true,true,true,0,'2016-01-01 00:00:00','2016-01-01 00:00:00',2,0);;
INSERT INTO medt_nurse(id,received,role,wristbandId,lookafter) VALUES(4,null,'1','7d0020ed','1,2,3');;
INSERT INTO accountRole(userName,roleCode) VALUES('tester3','nurse');;
INSERT INTO account(id,userName,email,name,title,password,accountNonExpired,accountNonLocked,credentialsNonExpired,accountStatus,createddate,lastupdateddate,accountType,version) VALUES(5,'tester4','tester4@trek2000.com.sg','HanBing','nurse','$2a$08$J8NKSZF0g08tCUZfS01DcOBhVRyJvsPuSQGIDhF.Ct3/CDUNAhd/a',true,true,true,0,'2016-01-01 00:00:00','2016-01-01 00:00:00',2,0);;
INSERT INTO medt_nurse(id,received,role,wristbandId,lookafter) VALUES(5,null,'1','6a4a33ee','2,3,');;
INSERT INTO accountRole(userName,roleCode) VALUES('tester4','nurse');;
;
INSERT INTO medt_diaperSensor(code) VALUES('0ec24ba3');;
INSERT INTO medt_diaperSensor(code) VALUES('34d796e2');;
INSERT INTO medt_diaperSensor(code) VALUES('0ec24ba1');;
INSERT INTO medt_diaperSensor(code) VALUES('0ec24ba5');;
INSERT INTO account(id,userName,email,name,title,password,accountNonExpired,accountNonLocked,credentialsNonExpired,accountStatus,createddate,lastupdateddate,accountType,birthday,version) VALUES(6,'chew','chew@trek2000.com','Chew Sung Eng','patient','$2a$08$J8NKSZF0g08tCUZfS01DcOBhVRyJvsPuSQGIDhF.Ct3/CDUNAhd/a',TRUE,TRUE,TRUE,0,'2016-01-01 00:00:00','2016-01-01 00:00:00',3,'1976-05-01 00:00:00',0);;
INSERT INTO account(id,userName,email,name,title,password,accountNonExpired,accountNonLocked,credentialsNonExpired,accountStatus,createddate,lastupdateddate,accountType,birthday,version) VALUES(7,'chan','chan@sn.com','Chan Cheow Kim','patient','$2a$08$J8NKSZF0g08tCUZfS01DcOBhVRyJvsPuSQGIDhF.Ct3/CDUNAhd/a',TRUE,TRUE,TRUE,0,'2016-01-01 00:00:00','2016-01-01 00:00:00',3,'1982-06-24 00:00:00',0);;
INSERT INTO account(id,userName,email,name,title,password,accountNonExpired,accountNonLocked,credentialsNonExpired,accountStatus,createddate,lastupdateddate,accountType,birthday,version) VALUES(8,'tan','tan@marko.com','TAN HENG FOOK','patient','$2a$08$J8NKSZF0g08tCUZfS01DcOBhVRyJvsPuSQGIDhF.Ct3/CDUNAhd/a',TRUE,TRUE,TRUE,0,'2016-01-01 00:00:00','2016-01-01 00:00:00',3,'1975-02-12 00:00:00',0);;
INSERT INTO account(id,userName,email,name,title,password,accountNonExpired,accountNonLocked,credentialsNonExpired,accountStatus,createddate,lastupdateddate,accountType,birthday,version) VALUES(10,'Den','den@ngo.com','Den','patient','$2a$08$J8NKSZF0g08tCUZfS01DcOBhVRyJvsPuSQGIDhF.Ct3/CDUNAhd/a',TRUE,TRUE,TRUE,0,'2016-01-01 00:00:00','2016-01-01 00:00:00',3,'1978-12-01 00:00:00',0);;
INSERT INTO medt_patient(id, pasId, heartdoId, aiballId, bed, ward, record, ic, country, weight, height, sex, department, disease, race, functionalAssessment, cognitiveAssessment, status, diaperSensor_Code,address,maritalStatus,occupation,nationality) VALUES(6,'e8f9910b','','','11','1','','','84','70','170','1','','','Chinese',null,null,'0','0ec24ba3','','Married','','');;
INSERT INTO medt_patient(id, pasId, heartdoId, aiballId, bed, ward, record, ic, country, weight, height, sex, department, disease, race, functionalAssessment, cognitiveAssessment, status, diaperSensor_Code,address,maritalStatus,occupation,nationality) VALUES(7,'82b26e1f','98:7b:f3:c4:e7:d3','','22','2','','rrrr','84','444','444','1','','','Chinese','','','0','34d796e2','','Married','','');;
INSERT INTO medt_patient(id, pasId, heartdoId, aiballId, bed, ward, record, ic, country, weight, height, sex, department, disease, race, functionalAssessment, cognitiveAssessment, status, diaperSensor_Code,address,maritalStatus,occupation,nationality) VALUES(8,'633d19ed','','','5','3',null,'','65','100','185','1',null,null,null,null,null,'0','0ec24ba1','','Married','','');;
INSERT INTO medt_patient(id, pasId, heartdoId, aiballId, bed, ward, record, ic, country, weight, height, sex, department, disease, race, functionalAssessment, cognitiveAssessment, status, diaperSensor_Code,address,maritalStatus,occupation,nationality) VALUES(10,'34d796e8',null,null,'6','3',null,'','65','100','185','1',null,null,null,null,null,'0','0ec24ba5','','Married','','');;
INSERT INTO accountRole(userName,roleCode) VALUES('chew','patient');;
INSERT INTO accountRole(userName,roleCode) VALUES('chan','patient');;
INSERT INTO accountRole(userName,roleCode) VALUES('tan','patient');;
INSERT INTO accountRole(userName,roleCode) VALUES('Den','patient');;
;
;
;
INSERT INTO account(id,userName,email,name,title,password,accountNonExpired,accountNonLocked,credentialsNonExpired,accountStatus,createddate,lastupdateddate,accountType,version) VALUES(12,'doctor1','doctor1@gmail.com','doctor1','patient','$2a$08$J8NKSZF0g08tCUZfS01DcOBhVRyJvsPuSQGIDhF.Ct3/CDUNAhd/a',true,true,true,0,'2016-01-01 00:00:00','2016-01-01 00:00:00',1,0);;
INSERT INTO medt_doctor(id, department, designation, allocation) VALUES (12,'','','');;
INSERT INTO accountRole(userName,roleCode) VALUES('doctor1','doctor');;
INSERT INTO account(id,userName,email,name,title,password,accountNonExpired,accountNonLocked,credentialsNonExpired,accountStatus,createddate,lastupdateddate,accountType,version) VALUES(13,'doctor2','doctor2@gmail.com','doctor2','patient','$2a$08$J8NKSZF0g08tCUZfS01DcOBhVRyJvsPuSQGIDhF.Ct3/CDUNAhd/a',true,true,true,2,'2016-01-01 00:00:00','2016-01-01 00:00:00',1,0);;
INSERT INTO medt_doctor(id, department, designation, allocation) VALUES (13,'','','');;
INSERT INTO accountRole(userName,roleCode) VALUES('doctor2','doctor');;
;
;
;
;
INSERT INTO resource(category, resourceKey,messageKey, value, resourceGroup) VALUES('language','en_US','','English','flag-icon-us');;
INSERT INTO resource(category, resourceKey,messageKey, value, resourceGroup) VALUES('language','vi_VN','','Vietnamese','flag-icon-vn');;
